Age,Gender,Polyuria,Polydipsia,sudden weight loss,weakness,muscle stiffness,Alopecia,Obesity,class
55,Female,Yes,Yes,No,Yes,Yes,Yes,Yes,Negative
57,Male,Yes,Yes,No,Yes,No,No,No,Positive
66,Male,Yes,Yes,Yes,Yes,Yes,No,No,Positive
67,Male,Yes,Yes,No,Yes,Yes,No,Yes,Positive
41,Female,No,Yes,Yes,Yes,No,Yes,No,Positive
45,Male,Yes,Yes,No,Yes,Yes,Yes,No,Positive
38,Male,Yes,Yes,No,No,Yes,No,No,Positive
35,Female,Yes,No,No,No,No,Yes,No,Positive
61,Male,Yes,Yes,Yes,Yes,No,Yes,Yes,Positive
60,Male,Yes,Yes,No,Yes,No,No,No,Positive